"","V1"
"1",2
"2",3
"3",2
"5",2
"6",3
"7",1
"8",1
"9",3
"10",3
"11",2
"12",3
"13",2
"14",1
"15",3
"16",1
"17",3
"18",3
"20",2
"21",2
"22",3
"23",2
"25",2
"26",1
"28",2
"29",1
"30",1
"31",3
"32",1
"33",1
"34",1
"35",1
"36",1
"37",2
"38",3
"39",2
"40",3
"41",1
"42",1
"43",1
"44",3
"45",3
"46",3
"48",2
"49",2
"50",3
"51",1
"53",3
"56",2
"57",3
"58",2
"60",1
"61",3
"62",3
"63",2
"64",3
"66",1
"67",1
"68",3
"69",3
"72",1
"73",2
"74",3
"75",1
"76",3
"77",3
"78",1
"79",3
"82",1
"83",1
"85",1
"87",1
"90",2
"93",3
"94",2
"95",3
"96",1
"97",1
"98",1
"100",1
"101",1
"102",3
"103",3
"104",3
"105",1
"106",2
"107",1
"108",3
"109",3
"110",1
"111",1
"112",2
"113",1
"114",2
"115",3
"116",3
"117",2
"118",1
"120",2
"121",2
"123",3
"124",3
"125",1
"126",1
"127",1
"128",2
"129",1
"130",1
"131",3
"132",2
"133",2
"134",2
"135",1
"136",1
"137",1
"138",1
"139",3
"140",1
"141",1
"142",1
"143",1
"144",2
"145",3
"146",3
"147",2
"148",2
"149",3
"150",1
"152",3
"153",3
"154",1
"156",2
"157",3
"158",2
"160",1
"162",2
"163",1
"164",3
"165",2
"166",2
"167",2
"168",1
"169",1
"170",3
"172",1
"174",3
"175",1
"176",3
"177",1
"178",3
"179",2
"181",3
"182",2
"183",3
"184",1
"185",3
"186",2
"187",3
"188",1
"189",2
"190",3
"192",2
"194",1
"195",1
"196",2
"197",2
"198",2
"200",2
"201",3
"202",1
"203",1
"204",3
"205",3
"206",2
"207",3
"208",3
"209",1
"210",1
"211",1
"212",1
"213",3
"215",2
"217",2
"218",2
"219",3
"220",2
"221",2
"222",1
"223",3
"224",2
"225",1
"226",3
"227",1
"228",1
"229",1
"231",2
"232",3
"233",1
"234",3
"235",2
"236",2
"237",2
"238",2
"239",1
"240",3
"241",2
"242",3
"244",3
"245",1
"246",3
"248",2
"250",2
"251",2
"252",3
"253",2
"254",1
"255",1
"256",3
"257",2
"260",3
"261",3
"262",1
"263",1
"264",3
"266",2
"267",2
"268",3
"269",2
"270",2
"271",2
"272",1
"273",1
"274",3
"275",3
"276",1
"277",3
"278",2
"279",2
"280",3
"281",1
"283",1
"284",3
"285",2
"286",1
"287",1
"288",2
"289",2
"290",3
"291",1
"292",2
"293",1
"294",3
"295",2
"296",1
"297",2
"298",1
"299",1
"300",2
"301",3
"302",1
"303",2
"304",1
"305",2
"306",3
"307",1
"308",2
"309",1
"310",1
"311",3
"314",1
"315",1
"318",1
"319",1
"320",2
"321",3
"322",1
"324",2
"325",1
"326",1
"327",2
"328",2
"329",3
"330",1
"331",2
"332",3
"333",2
"334",1
"335",1
"336",2
"337",3
"338",2
"339",1
"340",2
"342",1
"343",1
"344",1
"346",2
"347",2
"348",1
"349",2
"350",1
"351",1
"352",3
"353",1
"354",1
"355",1
"356",2
"357",2
"358",2
"359",3
"360",1
"361",1
"362",3
"364",3
"365",1
"366",3
"367",2
"368",2
"369",1
"370",2
"371",3
"372",1
"373",1
"374",2
"375",1
"376",2
"377",2
"378",1
"380",1
"381",1
"382",3
"383",1
"384",1
"385",3
"386",3
"388",3
"389",1
"390",2
"391",2
"392",1
"393",2
"395",1
"396",2
"397",2
"398",2
"399",2
"400",1
"402",2
"403",2
"404",1
"405",1
"406",1
"407",1
"408",3
"409",3
"410",2
"411",1
"412",1
"413",3
"414",2
"415",2
"416",1
"417",3
"419",3
"420",3
"421",1
"422",2
"424",3
"425",1
"428",1
"429",3
"430",3
"431",1
"432",1
"433",3
"434",2
"435",2
"436",2
"438",1
"439",1
"440",2
"441",3
"443",1
"445",1
"446",1
"447",2
"449",3
"452",1
"453",3
"454",1
"455",1
"456",1
"457",1
"458",3
"459",3
"460",3
"461",3
"462",1
"463",1
"464",3
"465",3
"466",2
"467",2
"468",2
"469",2
"470",3
"471",3
"472",1
"474",2
"475",2
"476",1
"477",2
"478",2
"479",2
"480",2
"481",2
"482",1
"483",3
"484",2
"485",1
"486",1
"487",3
"488",1
"489",2
"490",2
"491",1
"492",2
"494",1
"495",3
"496",1
"497",3
"498",1
"499",1
"500",1
"502",2
"503",1
"504",2
"505",1
"506",3
"507",3
"508",1
"509",2
"510",3
"511",1
"512",1
"513",2
"514",2
"515",3
"517",3
"518",2
"521",3
"522",2
"523",2
"524",1
"525",1
"528",3
"529",2
"530",3
"532",2
"534",2
"535",1
"536",1
"537",2
"538",3
"540",3
"541",2
"542",3
"543",1
"544",2
"545",2
"546",3
"547",1
"548",3
"550",2
"551",2
"552",2
"553",2
"554",3
"555",2
"556",3
"557",3
"561",3
"564",2
"565",1
"566",2
"569",2
"570",2
"571",1
"572",1
"574",1
"575",2
"576",2
"577",1
"578",2
"579",1
"580",3
"581",3
"582",2
"585",1
"586",1
"587",3
"589",3
"590",1
"591",2
"593",1
"594",2
"595",1
"597",2
"598",1
"599",3
"600",1
"601",1
"603",2
"604",2
"605",3
"606",3
"608",2
"609",1
"610",1
"611",2
"614",2
"615",2
"616",1
"617",2
"618",1
"619",2
"620",1
"621",1
"622",3
"623",2
"624",2
"625",3
"626",2
"627",3
"629",1
"630",1
"631",2
"632",3
"633",2
"634",1
"635",2
"636",2
"637",1
"639",3
"640",2
"641",1
"642",1
"643",1
"644",2
"645",1
"646",3
"647",2
"648",2
"651",3
"652",2
"653",2
"654",1
"655",3
"657",3
"658",2
"659",2
"660",1
"661",2
"662",1
"664",2
"665",2
"666",2
"667",1
"668",2
"669",3
"670",3
"671",2
"672",1
"673",2
"675",3
"676",1
"677",1
"678",1
"680",2
"681",2
"683",1
"684",3
"685",1
"686",2
"687",1
"688",1
"689",2
"690",2
"692",3
"695",3
"696",2
"698",2
"699",1
"700",3
"701",3
"702",1
"703",2
"705",1
"706",3
"708",3
"709",2
"710",2
"711",2
"712",1
"713",3
"715",2
"716",2
"717",3
"718",3
"719",3
"721",1
"724",1
"725",1
"726",3
"730",3
"731",2
"732",2
"733",3
"734",1
"736",2
"737",2
"738",1
"739",2
"741",2
"742",1
"743",1
"744",1
"745",2
"746",2
"747",1
"748",1
"749",3
"750",1
"751",3
"752",3
"753",1
"754",2
"756",2
"757",2
"758",2
"759",1
"761",1
"762",3
"764",2
"766",3
"767",2
"768",1
"769",2
"770",3
"771",3
"772",1
"773",2
"774",3
"775",3
"776",3
"778",2
"779",3
"781",2
"782",1
"783",3
"784",3
"785",1
"786",1
"788",1
"789",2
"790",2
"791",3
"792",3
"793",2
"794",1
"796",3
"797",2
"798",1
"800",3
"801",3
"802",1
"805",3
"806",3
"807",3
"808",3
"809",2
"811",1
"812",3
"813",2
"814",3
"815",1
"816",2
"817",3
"818",3
"819",2
"821",1
"822",1
"823",2
"824",3
"825",2
"826",1
"827",1
"829",2
"830",3
"831",2
"833",3
"834",2
"835",2
"836",2
"837",2
"838",3
"839",3
"840",2
"841",3
"842",2
"843",1
"844",1
"845",2
"846",1
"847",2
"848",3
"850",3
"851",2
"852",1
"853",1
"854",3
"855",1
"856",2
"857",2
"858",1
"859",2
"860",3
"862",2
"863",1
"864",2
"865",1
"866",3
"867",3
"868",2
"869",2
"870",2
"871",2
"872",1
"873",3
"874",3
"875",2
"876",1
"878",2
"879",3
"881",2
"882",1
"883",2
"884",2
"885",1
"886",1
"887",2
"889",1
"890",3
"891",2
"892",3
"893",1
"895",2
"896",2
"897",1
"898",2
"899",1
"900",3
"901",1
"902",3
"903",3
"904",2
"905",1
"906",1
"907",3
"908",3
"909",3
"910",3
"911",2
"912",1
"913",2
"914",3
"915",1
"916",3
"918",3
"919",3
"920",1
"921",2
"923",2
"924",2
"925",2
"926",1
"927",2
"928",1
"929",1
"930",1
"931",3
"932",1
"933",1
"934",2
"935",3
"936",2
"937",3
"938",1
"939",3
"940",1
"941",1
"942",1
"943",3
"944",1
"945",3
"946",1
"947",1
"948",1
"949",1
"950",2
"952",1
"953",1
"954",1
"955",2
"956",1
"957",2
"958",2
"959",1
"960",1
"962",3
"963",1
"964",1
"966",1
"967",2
"968",3
"969",2
"970",2
"971",1
"972",3
"973",1
"974",3
"975",2
"977",1
"979",2
"980",2
"981",1
"982",2
"985",1
"986",1
"987",2
"988",2
"989",2
"990",1
"991",1
"992",2
"993",1
"994",3
"995",3
"996",2
"997",1
"998",2
"999",1
"1000",2
"1001",2
"1002",2
"1004",3
"1005",2
"1006",1
"1007",2
"1008",2
"1009",2
"1010",3
"1011",1
"1012",2
"1013",1
"1014",3
"1016",2
"1018",3
"1019",2
"1020",1
"1022",3
"1023",3
"1024",1
"1025",3
"1026",2
"1028",2
"1029",1
"1030",1
"1031",2
"1032",2
"1033",2
"1036",2
"1037",1
"1038",3
"1040",3
"1041",1
"1042",2
"1043",3
"1045",1
"1046",2
"1047",3
"1048",1
"1049",3
"1050",1
"1051",2
"1053",1
"1055",1
"1056",1
"1057",3
"1058",3
"1059",3
"1060",1
"1061",3
"1062",1
"1063",3
"1065",2
"1066",1
"1067",1
"1068",3
"1069",1
"1070",2
"1071",2
"1072",3
"1073",2
"1074",3
"1076",2
"1077",2
"1078",2
"1079",3
"1080",2
"1081",3
"1082",3
"1083",3
"1084",2
"1086",2
"1087",1
"1089",3
"1090",2
"1092",1
"1093",1
"1094",1
"1095",2
"1096",1
"1097",1
"1098",2
"1100",3
"1101",1
"1102",1
"1103",1
"1104",1
"1105",1
"1106",2
"1107",3
"1109",2
"1110",2
"1111",3
"1112",1
"1113",2
"1114",1
"1116",1
"1119",2
"1120",3
"1122",1
"1123",3
"1124",1
"1125",1
"1127",1
"1128",2
"1129",1
"1131",3
"1133",3
"1134",1
"1135",2
"1136",1
"1137",1
"1138",1
"1139",2
"1141",3
"1144",3
"1145",1
"1146",3
"1149",2
"1150",2
"1152",3
"1154",2
"1156",1
"1157",2
"1158",3
"1159",2
"1160",1
"1161",1
"1162",1
"1163",2
"1164",1
"1165",2
"1166",2
"1167",3
"1168",1
"1170",3
"1172",3
"1173",2
"1174",3
"1176",3
"1178",2
"1179",1
"1180",2
"1181",3
"1183",1
"1184",2
"1187",2
"1188",3
"1189",1
"1191",3
"1192",3
"1194",2
"1195",1
"1196",2
"1197",1
"1199",3
"1200",2
"1201",3
"1202",2
"1203",2
"1204",3
"1205",2
"1207",3
"1208",3
"1209",2
"1210",3
"1211",3
"1212",3
"1213",1
"1214",3
"1215",3
"1216",2
"1218",2
"1219",3
"1220",1
"1221",3
"1222",1
"1223",1
"1224",3
"1226",1
"1227",2
"1228",3
"1229",1
"1230",3
"1231",3
"1232",2
"1233",3
"1234",2
"1235",3
"1236",1
"1237",1
"1238",1
"1239",3
"1240",3
"1241",2
"1242",3
"1243",1
"1245",3
"1246",3
"1247",3
"1248",2
"1249",1
"1250",2
"1252",1
"1253",3
"1254",2
"1255",3
"1257",3
"1258",3
"1260",3
"1261",3
"1262",1
"1263",2
"1264",2
"1265",1
"1266",1
"1267",1
"1268",2
"1269",3
"1270",2
"1271",3
"1272",2
"1273",1
"1274",2
"1275",3
"1276",2
"1277",1
"1278",2
"1279",2
"1280",3
"1282",2
"1283",2
"1284",3
"1285",2
"1286",1
"1287",2
"1288",3
"1289",3
"1291",3
"1292",3
"1294",1
"1300",3
"1301",3
"1302",2
"1303",3
"1304",2
"1306",2
"1307",3
"1308",1
"1309",2
"1310",3
"1311",3
"1312",3
"1313",1
"1314",2
"1315",2
"1317",3
"1318",3
"1319",2
"1320",2
"1321",3
"1322",2
"1323",1
"1324",3
"1325",3
"1326",3
"1327",3
"1328",1
"1329",2
"1330",1
"1331",1
"1332",3
"1333",1
"1334",1
"1335",1
"1336",2
"1338",2
"1339",3
"1340",3
"1341",3
"1342",2
"1343",2
"1344",2
"1345",2
"1346",3
"1347",1
"1348",1
"1351",1
"1352",1
"1353",1
"1354",3
"1355",3
"1356",2
"1357",3
"1358",3
"1359",2
"1360",1
"1361",2
"1362",2
"1363",2
"1364",3
"1365",3
"1366",3
"1368",1
"1369",1
"1370",2
"1371",3
"1372",1
"1374",3
"1376",1
"1377",1
"1378",3
"1379",1
"1380",1
"1381",3
"1382",3
"1383",3
"1384",3
"1385",3
"1386",3
"1388",2
"1389",1
"1390",1
"1391",3
"1392",3
"1393",3
"1394",2
"1395",1
"1396",2
"1398",2
"1400",1
"1401",1
"1402",3
"1403",3
"1404",2
"1405",1
"1407",1
"1408",1
"1409",2
"1410",2
"1411",1
"1412",2
"1413",3
"1414",2
"1415",2
"1416",2
"1417",2
"1418",3
"1419",2
"1422",2
"1423",2
"1424",2
"1425",1
"1426",2
"1427",1
"1429",1
"1430",1
"1432",2
"1433",2
"1434",1
"1435",3
"1436",3
"1437",2
"1438",3
"1439",3
"1441",2
"1442",3
"1443",1
"1444",1
"1445",3
"1446",1
"1448",1
"1449",2
"1450",3
"1451",3
"1452",3
"1454",1
"1455",1
"1457",3
"1458",3
"1459",3
"1460",1
"1461",2
"1462",3
"1463",1
"1464",2
"1465",1
"1466",1
"1467",1
"1468",1
"1470",1
"1471",3
"1472",1
"1474",3
"1475",2
"1476",3
"1478",2
"1479",1
"1480",2
"1481",1
"1482",2
"1483",3
"1484",2
"1487",1
"1488",3
"1489",3
"1490",3
"1491",2
"1492",1
"1493",3
"1494",1
"1495",3
"1496",2
"1497",1
"1498",3
"1499",1
"1500",3
"1501",2
"1502",3
"1503",2
"1506",1
"1508",2
"1509",1
"1510",3
"1511",3
"1512",1
"1513",1
"1514",3
"1515",2
"1516",1
"1517",1
"1518",1
"1519",3
"1520",2
"1521",3
"1522",1
"1524",2
"1525",3
"1526",2
"1527",2
"1528",1
"1530",3
"1531",1
"1533",1
"1534",1
"1535",2
"1536",3
"1537",3
"1538",3
"1539",1
"1540",2
"1541",1
"1543",3
"1544",2
"1545",3
"1546",3
"1547",2
"1548",2
"1549",2
"1551",3
"1552",1
"1554",1
"1555",3
"1556",3
"1557",1
"1558",2
"1559",2
"1560",2
"1561",3
"1562",3
"1563",1
"1564",1
"1565",1
"1566",1
"1567",2
"1568",3
"1571",3
"1573",2
"1574",1
"1575",2
"1576",3
"1577",1
"1578",3
"1579",2
"1580",1
"1583",1
"1584",3
"1586",3
"1587",1
"1588",3
"1589",2
"1590",3
"1591",1
"1592",2
"1593",1
"1594",2
"1596",2
"1597",1
"1598",2
"1599",2
"1600",3
"1601",1
"1602",3
"1603",2
"1605",1
"1606",1
"1607",2
"1608",3
"1609",3
"1610",3
"1611",1
"1612",2
"1613",3
"1614",2
"1615",1
"1616",2
"1617",1
"1619",3
"1620",1
"1621",1
"1622",1
"1623",1
"1624",1
"1625",3
"1627",2
"1628",2
"1630",2
"1631",2
"1632",1
"1633",3
"1634",3
"1636",1
"1637",1
"1638",3
"1639",3
"1640",2
"1641",3
"1642",3
"1643",2
"1644",1
"1646",3
"1647",3
"1648",2
"1649",1
"1650",2
"1651",2
"1656",2
"1657",2
"1658",3
"1659",1
"1660",1
"1661",3
"1662",1
"1663",1
"1664",2
"1665",2
"1666",1
"1667",3
"1668",2
"1670",3
"1671",3
"1672",1
"1673",2
"1674",1
"1675",2
"1676",3
"1677",3
"1678",2
"1679",3
"1680",3
"1681",1
"1682",2
"1684",3
"1685",1
"1686",2
"1687",3
"1688",3
"1689",3
"1690",1
"1691",3
"1692",2
"1693",3
"1694",3
"1695",2
"1696",2
"1697",1
"1698",3
"1699",3
"1700",3
"1701",1
"1702",3
"1703",3
"1704",2
"1705",1
"1706",2
"1707",2
"1708",3
"1709",1
"1710",3
"1711",3
"1712",1
"1713",2
"1714",2
"1716",1
"1717",3
"1718",2
"1719",2
"1723",2
"1724",2
"1725",2
"1727",2
"1728",3
"1729",3
"1730",3
"1732",3
"1733",2
"1736",1
"1737",1
"1738",1
"1739",1
"1740",2
"1742",3
"1746",1
"1747",1
"1748",3
"1750",1
"1752",2
"1753",3
"1754",3
"1756",3
"1757",3
"1758",1
"1759",1
"1760",2
"1763",3
"1764",1
"1765",1
"1766",3
"1767",3
"1768",1
"1771",3
"1773",1
"1774",2
"1775",2
"1777",1
"1778",3
"1779",2
"1782",1
"1783",1
"1784",2
"1786",2
"1787",1
"1788",3
"1789",1
"1790",3
"1791",1
"1792",1
"1793",3
"1794",2
"1795",2
"1796",2
"1797",3
"1799",2
"1800",2
"1801",1
"1802",1
"1803",3
"1804",1
"1806",2
"1807",1
"1808",2
"1810",3
"1811",3
"1812",2
"1813",3
"1814",2
"1816",3
"1819",3
"1820",2
"1821",2
"1822",3
"1823",2
"1824",1
"1825",1
"1826",2
"1828",1
"1829",1
"1830",1
"1831",3
"1832",3
"1833",1
"1834",1
"1836",3
"1837",3
"1838",3
"1839",1
"1841",1
"1843",2
"1844",2
"1845",1
"1846",3
"1847",1
"1848",3
"1849",1
"1850",2
"1851",3
"1852",3
"1853",1
"1854",1
"1855",1
"1856",2
"1857",2
"1859",2
"1860",2
"1862",3
"1863",3
"1864",3
"1865",1
"1866",3
"1867",3
"1868",3
"1869",2
"1870",3
"1871",2
"1872",2
"1873",1
"1874",3
"1875",1
"1876",1
"1877",3
"1878",3
"1879",2
"1880",1
"1881",1
"1883",3
"1884",2
"1885",1
"1886",3
"1887",1
"1888",2
"1890",1
"1891",3
"1892",3
"1893",2
"1895",3
"1896",3
"1897",2
"1898",3
"1899",1
"1900",2
"1901",1
"1902",2
"1903",3
"1904",2
"1905",3
"1907",1
"1908",2
"1909",1
"1910",2
"1911",2
"1912",1
"1913",2
"1914",1
"1915",1
"1916",1
"1918",3
"1919",1
"1920",1
"1921",3
"1923",3
"1926",3
"1927",2
"1928",3
"1929",3
"1930",3
"1931",3
"1932",3
"1933",2
"1934",3
"1935",1
"1936",3
"1937",2
"1938",2
"1939",1
"1940",3
"1941",1
"1942",2
"1943",3
"1944",3
"1945",3
"1946",3
"1947",3
"1948",1
"1949",2
"1950",3
"1951",1
"1952",2
"1954",2
"1956",2
"1957",2
"1960",2
"1961",3
"1963",1
"1964",1
"1965",1
"1967",1
"1968",3
"1969",2
"1970",2
"1973",3
"1975",2
"1976",3
"1977",3
"1978",3
"1979",2
"1981",3
"1982",1
"1985",2
"1986",1
"1987",2
"1988",3
"1989",3
"1991",2
"1992",2
"1993",3
"1995",1
"1997",2
"1998",2
"2000",3
"2001",3
"2002",1
"2003",2
"2004",2
"2005",1
"2006",3
"2007",3
"2008",3
"2009",1
"2010",2
"2011",1
"2012",3
"2013",1
"2014",3
"2015",1
"2016",1
"2018",3
"2019",2
"2020",3
"2022",2
"2023",3
"2024",1
"2025",1
"2027",2
"2028",3
"2029",1
"2030",1
"2031",3
"2032",3
"2034",2
"2035",2
"2036",2
"2037",2
"2040",2
"2042",2
"2043",3
"2044",3
"2045",3
"2046",1
"2047",3
"2048",3
"2051",1
"2052",3
"2054",3
"2055",2
"2057",2
"2058",1
"2059",2
"2060",2
"2061",2
"2063",2
"2064",1
"2065",2
"2066",1
"2067",3
"2068",1
"2069",2
"2070",3
"2071",1
"2072",3
"2073",3
"2074",2
"2076",1
"2077",2
"2078",1
"2079",2
"2080",1
"2081",1
"2082",1
"2084",2
"2085",2
"2086",1
"2087",2
"2088",1
"2089",1
"2090",1
"2091",1
"2092",3
"2094",3
"2097",2
"2098",2
"2099",2
"2100",1
"2102",1
"2103",1
"2104",1
"2105",3
"2106",2
"2107",1
"2108",3
"2109",1
"2110",1
"2111",3
"2112",3
"2113",3
"2114",2
"2115",3
"2116",2
"2118",1
"2119",3
"2120",3
"2121",3
"2122",3
"2123",3
"2124",3
"2125",2
"2126",2
"2127",1
"2128",1
"2130",1
"2131",1
"2132",1
"2133",3
"2134",1
"2135",2
"2136",1
"2137",3
"2139",3
"2141",1
"2142",2
"2143",3
"2144",3
"2145",3
"2146",2
"2148",1
"2149",2
"2150",2
"2152",3
"2153",3
"2154",3
"2155",1
"2156",1
"2157",1
"2158",2
"2159",2
"2162",1
"2163",3
"2164",2
"2165",3
"2167",1
"2168",1
"2169",3
"2170",1
"2172",2
"2173",1
"2174",3
"2175",3
"2176",1
"2177",1
"2178",2
"2179",2
"2181",1
"2182",1
"2183",3
"2184",1
"2186",3
"2187",3
"2188",2
"2189",1
"2191",1
"2193",2
"2194",1
"2195",1
"2196",1
"2198",1
"2199",1
"2200",3
"2201",1
"2202",2
"2203",2
"2204",3
"2205",3
"2206",3
"2207",2
"2208",3
"2209",1
"2210",3
"2211",1
"2214",1
"2215",2
"2216",3
"2217",2
"2218",3
"2219",1
"2220",1
"2222",1
"2223",2
"2224",3
"2225",3
"2226",2
"2227",3
"2228",1
"2229",1
"2230",3
"2231",3
"2232",2
"2233",3
"2235",1
"2237",1
"2238",3
"2239",3
"2240",2
"2241",2
"2242",3
"2243",2
"2244",3
"2245",1
"2246",1
"2247",3
"2248",1
"2249",3
"2250",2
"2251",3
"2252",3
"2253",1
"2254",1
"2255",3
"2256",1
"2257",2
"2259",2
"2261",1
"2262",1
"2263",2
"2264",3
"2266",2
"2267",1
"2268",1
"2269",1
"2270",2
"2271",2
"2272",1
"2274",3
"2276",3
"2278",1
"2279",1
"2281",3
"2282",2
"2284",1
"2285",2
"2286",1
"2287",3
"2288",2
"2289",3
"2290",3
"2291",2
"2292",3
"2294",3
"2295",2
"2297",3
"2298",2
"2299",1
"2300",2
"2301",3
"2303",2
"2304",1
"2305",3
"2306",1
"2307",1
"2308",3
"2309",3
"2310",1
"2311",1
"2312",1
"2313",2
"2314",1
"2315",2
"2316",1
"2317",2
"2318",2
"2319",2
"2320",3
"2321",1
"2322",2
"2323",3
"2326",2
"2327",3
"2328",2
"2329",1
"2330",1
"2331",3
"2332",3
"2333",2
"2334",1
"2335",3
"2336",1
"2337",1
"2338",1
"2339",3
"2340",1
"2341",2
"2342",2
"2343",1
"2344",3
"2345",2
"2346",3
"2348",2
"2349",2
"2351",3
"2352",1
"2353",2
"2354",1
"2356",2
"2357",3
"2358",3
"2359",3
"2360",1
"2361",2
"2362",3
"2363",1
"2364",1
"2365",2
"2366",2
"2368",3
"2369",3
"2371",3
"2373",3
"2374",1
"2375",2
"2378",1
"2379",1
"2380",2
"2381",3
"2382",3
"2383",1
"2384",1
"2385",2
"2386",2
"2387",3
"2388",1
"2389",3
"2391",3
"2392",3
"2393",2
"2394",2
"2395",1
"2396",2
"2398",2
"2401",2
"2402",1
"2403",2
"2404",3
"2405",1
"2406",2
"2407",3
"2408",1
"2409",1
"2411",1
"2412",2
"2413",2
"2414",3
"2415",1
"2416",1
"2418",1
"2419",2
"2420",1
"2421",1
"2422",2
"2423",1
"2424",3
"2425",1
"2426",1
"2427",2
"2428",3
"2429",2
"2430",1
"2431",1
"2432",2
"2433",3
"2434",2
"2436",2
"2437",3
"2440",1
"2442",2
"2443",3
"2444",3
"2446",2
"2447",2
"2448",2
"2449",2
"2450",2
"2451",2
"2452",1
"2453",2
"2456",1
"2457",2
"2458",1
"2459",1
"2460",2
"2461",3
"2462",1
"2463",1
"2464",1
"2465",3
"2466",3
"2467",2
"2469",3
"2470",1
"2472",3
"2473",2
"2474",3
"2475",2
"2476",1
"2477",1
"2478",2
"2481",2
"2482",1
"2484",2
"2485",3
"2486",1
"2487",3
"2488",3
"2489",3
"2490",1
"2491",1
"2494",3
"2495",3
"2496",1
"2497",2
"2498",1
"2499",3
"2500",2
"2501",3
"2502",1
"2503",1
"2504",2
"2505",2
"2507",3
"2508",3
"2509",1
"2510",1
"2511",3
"2512",1
"2513",1
"2514",2
"2515",3
"2516",1
"2517",2
"2518",1
"2519",2
"2520",2
"2521",3
"2522",1
"2523",3
"2524",1
"2525",1
"2526",3
"2527",2
"2528",3
"2529",3
"2530",3
"2531",1
"2532",3
"2534",3
"2535",1
"2536",1
"2537",3
"2538",3
"2539",2
"2540",2
"2541",2
"2542",3
"2543",1
"2544",2
"2545",1
"2546",2
"2547",1
"2548",1
"2549",2
"2551",1
"2552",1
"2554",1
"2555",3
"2557",2
"2559",1
"2560",2
"2561",1
"2562",1
"2563",2
"2564",2
"2565",2
"2566",2
"2567",3
"2569",3
"2570",3
"2572",1
"2573",3
"2574",2
"2575",3
"2577",1
"2578",3
"2579",3
"2580",2
"2581",3
"2583",2
"2584",2
"2585",3
"2587",2
"2588",1
"2589",1
"2591",1
"2592",2
"2593",2
"2595",2
"2596",3
"2597",3
"2599",3
"2600",3
"2601",3
"2602",1
"2605",1
"2606",1
"2607",1
"2608",3
"2609",1
"2610",2
"2611",1
"2612",3
"2613",2
"2614",2
"2615",3
"2616",1
"2617",2
"2618",3
"2619",2
"2620",2
"2621",1
"2622",3
"2623",2
"2624",1
"2625",2
"2626",3
"2628",3
"2629",3
"2630",3
"2631",3
"2632",3
"2634",2
"2635",1
"2636",3
"2637",3
"2639",2
"2640",2
"2641",3
"2642",2
"2643",1
"2644",2
"2646",2
"2647",3
"2648",2
"2649",1
"2650",3
"2651",2
"2652",2
"2653",1
"2654",1
"2658",1
"2659",1
"2660",2
"2662",1
"2663",1
"2665",1
"2666",2
"2667",3
"2668",3
"2669",2
"2670",3
"2671",2
"2673",1
"2674",1
"2675",3
"2676",2
"2677",3
"2678",2
"2680",3
"2681",1
"2683",1
"2684",2
"2686",1
"2687",1
"2688",1
"2689",1
"2690",1
"2691",3
"2692",2
"2693",2
"2694",1
"2695",3
"2696",3
"2697",1
"2698",2
"2699",3
"2700",3
"2701",2
"2702",2
"2703",2
"2704",1
"2705",2
"2706",2
"2707",3
"2708",3
"2709",2
"2710",2
"2711",1
"2713",1
"2714",3
"2715",3
"2716",3
"2717",1
"2719",1
"2720",1
"2722",1
"2723",3
"2724",2
"2725",2
"2726",3
"2727",2
"2728",3
"2729",3
"2732",2
"2733",3
"2734",1
"2735",1
"2737",2
"2738",3
"2740",3
"2741",1
"2742",3
"2743",3
"2744",3
"2745",1
"2746",1
"2747",2
"2748",2
"2749",3
"2750",2
"2751",3
"2752",2
"2753",1
"2754",2
"2755",1
"2757",2
"2758",2
"2759",2
"2760",2
"2761",3
"2762",3
"2763",1
"2764",2
"2765",3
"2766",3
"2767",3
"2769",1
"2771",1
"2772",1
"2774",2
"2775",3
"2776",1
"2777",3
"2778",3
"2779",2
"2780",2
"2781",3
"2782",3
"2783",1
"2784",1
"2786",2
"2787",2
"2790",1
"2791",3
"2792",2
"2795",2
"2796",3
"2797",3
"2798",2
"2799",3
"2800",3
"2801",3
"2802",2
"2803",2
"2804",2
"2805",3
"2806",1
"2808",3
"2810",3
"2811",1
"2812",2
"2813",2
"2815",2
"2817",1
"2819",1
"2820",3
"2822",1
"2823",2
"2824",2
"2825",1
"2827",1
"2828",2
"2829",3
"2830",1
"2832",2
"2833",3
"2834",2
"2835",1
"2836",3
"2837",2
"2838",1
"2839",1
"2840",3
"2842",2
"2843",1
"2844",1
"2845",3
"2846",1
"2847",1
"2848",2
"2851",3
"2852",1
"2853",3
"2854",1
"2855",1
"2856",2
"2858",2
"2859",3
"2860",1
"2861",1
"2862",3
"2863",1
"2864",2
"2865",1
"2866",2
"2868",3
"2869",1
"2870",3
"2871",3
"2872",2
"2873",3
"2874",1
"2875",2
"2876",3
"2877",2
"2879",2
"2880",2
"2881",1
"2882",1
"2883",2
"2884",3
"2885",1
"2886",1
"2887",1
"2888",2
"2889",2
"2890",2
"2891",2
"2892",1
"2893",3
"2895",2
"2897",1
"2898",3
"2900",2
"2901",3
"2902",1
"2903",2
"2904",2
"2908",3
"2909",3
"2910",1
"2913",2
"2914",1
"2916",2
"2917",2
"2919",1
"2920",1
"2921",1
"2922",2
"2923",3
"2924",3
"2926",2
"2927",3
"2928",2
"2929",2
"2930",2
"2932",1
"2933",2
"2934",2
"2936",2
"2937",1
"2939",1
"2940",2
"2942",2
"2943",2
"2945",3
"2946",1
"2947",3
"2948",3
"2949",2
"2951",3
"2954",1
"2957",1
"2959",2
"2960",2
"2961",1
"2962",3
"2963",3
"2964",3
"2966",3
"2967",2
"2968",1
"2969",2
"2970",1
"2971",3
"2973",1
"2974",2
"2975",1
"2976",3
"2977",1
"2978",1
"2979",2
"2980",2
"2981",2
"2985",1
"2986",1
"2988",1
"2989",3
"2990",1
"2991",2
"2992",1
"2993",2
"2994",3
"2995",1
"2997",1
"2998",2
"3001",1
"3002",1
"3003",1
"3005",2
"3006",1
"3007",1
"3008",3
"3009",2
"3010",1
"3011",2
"3012",1
"3013",3
"3014",2
"3015",3
"3017",2
"3018",2
"3019",3
"3020",2
"3021",1
"3022",3
"3023",3
"3024",1
"3026",1
"3027",1
"3028",3
"3029",3
"3030",3
"3031",3
"3032",3
"3033",3
"3034",3
"3035",1
"3036",3
"3037",3
"3038",2
"3039",2
"3040",3
"3041",1
"3043",1
"3044",3
"3045",1
"3046",3
"3047",3
"3050",2
"3051",2
"3052",2
"3053",1
"3055",1
"3056",2
"3057",2
"3058",1
"3059",1
"3060",3
"3061",2
"3062",2
"3063",1
"3065",1
"3066",3
"3067",1
"3068",1
"3069",3
"3070",3
"3072",1
"3073",1
"3074",3
"3075",2
"3076",2
"3077",3
"3078",2
"3079",2
"3080",2
"3081",2
"3082",2
"3083",1
"3084",1
"3085",1
"3087",2
"3088",3
"3089",1
"3090",1
"3091",2
"3092",2
"3094",2
"3095",2
"3096",1
"3097",3
"3098",1
"3099",2
"3101",1
"3102",2
"3103",2
"3104",2
"3105",1
"3106",2
"3108",3
"3109",1
"3110",1
"3111",1
"3112",1
"3113",3
"3114",3
"3115",1
"3117",3
"3119",3
"3120",1
"3121",1
"3122",2
"3123",1
"3125",1
"3127",2
"3129",1
"3131",2
"3132",1
"3133",2
"3134",1
"3135",1
"3136",3
"3137",3
"3140",3
"3141",2
"3142",1
"3144",2
"3145",2
"3147",3
"3148",1
"3149",1
"3150",3
"3151",3
"3155",1
"3157",2
"3158",1
"3159",2
"3161",3
"3162",2
"3163",3
"3164",1
"3165",1
"3166",2
"3168",3
"3169",3
"3171",1
"3172",1
"3174",2
"3175",1
"3178",1
"3179",1
"3180",3
"3181",2
"3182",3
"3184",3
"3185",2
"3187",3
"3188",2
"3190",3
"3192",2
"3193",1
"3194",3
"3196",1
"3197",1
"3198",1
"3199",1
"3200",3
"3201",2
"3202",3
"3204",1
"3205",1
"3206",3
"3208",3
"3209",2
"3210",1
"3211",2
"3212",2
"3213",2
"3214",2
"3215",2
"3216",1
"3217",1
"3218",1
"3220",1
"3222",1
"3223",1
"3224",1
"3225",3
"3226",2
"3227",3
"3228",1
"3229",3
"3230",2
"3231",2
"3232",3
"3233",3
"3234",1
"3235",1
"3239",3
"3240",3
"3242",2
"3244",2
"3245",2
"3246",1
"3247",1
"3248",1
"3249",3
"3250",1
"3251",1
"3252",2
"3254",1
"3255",3
"3256",1
"3257",1
"3258",2
"3259",2
"3261",1
"3263",3
"3264",2
"3265",3
"3266",2
"3267",3
"3268",3
"3271",3
"3272",1
"3273",1
"3274",1
"3275",1
"3276",2
"3277",1
"3278",3
"3279",1
"3280",2
"3282",3
"3283",2
"3284",1
"3285",1
"3286",1
"3287",3
"3288",3
"3290",3
"3291",3
"3292",1
"3293",1
"3294",3
"3295",2
"3296",2
"3297",1
"3298",3
"3299",2
"3300",3
"3301",2
"3302",3
"3305",1
"3306",2
"3307",1
"3308",3
"3309",1
"3310",2
"3311",3
"3313",3
"3314",2
"3315",3
"3316",1
"3317",2
"3319",2
"3321",1
"3322",1
"3323",1
"3324",2
"3325",1
"3327",1
"3328",2
"3331",1
"3333",1
"3334",1
"3335",1
"3336",2
"3337",2
"3339",1
"3340",1
"3341",2
"3342",1
"3343",2
"3344",2
"3345",2
"3346",3
"3347",1
"3348",3
"3349",1
"3350",1
"3351",3
"3352",1
"3354",3
"3355",3
"3356",1
"3357",2
"3358",1
"3359",1
"3360",2
"3361",3
"3362",1
"3363",3
"3365",1
"3367",2
"3368",2
"3369",1
"3370",2
"3371",3
"3372",3
"3373",3
"3375",2
"3376",2
"3377",1
"3378",2
"3379",1
"3381",3
"3382",1
"3383",3
"3386",2
"3388",3
"3389",1
"3391",2
"3393",2
"3395",2
"3396",3
"3398",2
"3399",1
"3400",3
"3401",2
"3402",2
"3403",3
"3404",2
"3407",2
"3409",1
"3410",3
"3411",1
"3412",3
"3413",1
"3414",2
"3415",1
"3416",3
"3417",1
"3418",2
"3420",3
"3421",2
"3422",3
"3423",1
"3424",1
"3426",1
"3427",2
"3428",2
"3429",1
"3430",1
"3431",1
"3433",2
"3434",2
"3435",1
"3436",3
"3437",1
"3438",3
"3439",3
"3440",3
"3441",1
"3442",2
"3443",1
"3444",3
"3445",1
"3448",1
"3449",1
"3450",3
"3451",1
"3452",3
"3455",3
"3456",2
"3457",3
"3458",3
"3459",1
"3461",3
"3462",1
"3463",2
"3465",2
"3466",1
"3467",2
"3468",3
"3469",2
"3470",2
"3471",3
"3473",2
"3474",1
"3475",1
"3476",1
"3477",1
"3478",2
"3479",1
"3480",3
"3481",3
"3482",3
"3483",2
"3484",3
"3485",1
"3486",3
"3487",2
"3490",3
"3491",2
"3492",3
"3494",3
"3495",3
"3496",2
"3497",1
"3498",2
"3499",1
"3500",2
"3502",1
"3503",1
"3504",3
"3505",1
"3506",3
"3507",2
"3508",2
"3509",3
"3510",1
"3513",3
"3514",3
"3515",3
"3516",2
"3517",2
"3518",1
"3519",3
"3521",1
"3523",2
"3524",2
"3525",2
"3526",2
"3527",1
"3528",3
"3529",1
"3530",3
"3531",1
"3532",1
"3533",2
"3534",2
"3535",3
"3538",2
"3539",1
"3542",1
"3543",1
"3544",3
"3547",1
"3549",2
"3551",1
"3552",2
"3553",1
"3554",3
"3555",2
"3556",1
"3557",3
"3558",2
"3559",3
"3560",3
"3561",2
"3563",2
"3564",2
"3565",1
"3566",1
"3567",2
"3569",3
"3570",2
"3571",3
"3573",2
"3574",3
"3575",2
"3576",2
"3577",2
"3578",1
"3579",2
"3580",3
"3581",3
"3582",1
"3583",2
"3584",2
"3585",2
"3586",3
"3587",1
"3588",1
"3589",3
"3590",3
"3593",3
"3594",3
"3596",2
"3598",2
"3599",3
"3601",1
"3602",2
"3604",2
"3605",3
"3606",2
"3608",3
"3609",1
"3611",2
"3612",2
"3613",3
"3614",3
"3615",3
"3616",1
"3617",2
"3618",2
"3620",1
"3622",2
"3623",2
"3624",1
"3625",1
"3626",1
"3627",3
"3628",3
"3629",3
"3630",1
"3631",3
"3632",1
"3633",2
"3634",3
"3635",1
"3637",2
"3639",2
"3640",1
"3641",1
"3642",1
"3643",2
"3644",1
"3645",2
"3646",2
"3647",1
"3648",1
"3649",2
"3650",3
"3652",3
"3653",3
"3654",1
"3655",1
"3656",1
"3657",3
"3658",1
"3659",2
"3660",1
"3661",2
"3662",2
"3664",2
"3665",2
"3666",3
"3667",1
"3668",3
"3671",1
"3672",3
"3673",1
"3674",2
"3675",2
"3677",2
"3679",2
"3680",3
"3681",1
"3682",3
"3683",1
"3684",2
"3685",1
"3688",3
"3689",3
"3690",1
"3692",3
"3693",3
"3694",3
"3695",3
"3696",2
"3697",2
"3698",1
"3699",3
"3700",3
"3701",1
"3702",1
"3703",1
"3704",2
"3705",2
"3706",3
"3708",1
"3709",3
"3710",3
"3711",3
"3712",2
"3713",2
"3714",3
"3715",2
"3716",1
"3717",1
"3719",1
"3720",3
"3722",2
"3723",3
"3724",3
"3725",2
"3726",3
"3727",1
"3728",1
"3729",2
"3730",2
"3732",1
"3733",1
"3734",1
"3735",3
"3736",3
"3737",3
"3738",3
"3739",1
"3740",2
"3741",3
"3743",1
"3745",3
"3747",1
"3748",1
"3749",3
"3750",1
"3751",2
"3752",2
"3753",1
"3754",1
"3755",1
"3756",1
"3757",2
"3758",2
"3759",1
"3760",1
"3761",1
"3762",3
"3763",2
"3764",1
"3765",3
"3766",1
"3767",3
"3768",3
"3769",3
"3770",1
"3771",3
"3772",2
"3773",2
"3774",3
"3775",1
"3776",1
"3777",1
"3778",3
"3779",2
"3780",1
"3783",1
"3784",1
"3785",1
"3786",1
"3787",2
"3788",3
"3789",2
"3790",2
"3791",3
"3792",1
"3794",2
"3795",1
"3796",2
"3797",2
"3798",3
"3799",3
"3800",1
"3802",2
"3804",2
"3805",3
"3806",1
"3807",1
"3808",1
"3809",3
"3810",3
"3811",2
"3812",1
"3813",2
"3814",3
"3815",3
